Field,URL
DataForApp,https://liveuclac-my.sharepoint.com/:x:/g/personal/zcemyta_ucl_ac_uk/EcHIU-i_dr5AsOUKLQOhjsEBENnJt94u65XMLioJ21vRWQ?e=lDgfy3
Mods2,https://liveuclac-my.sharepoint.com/:x:/g/personal/zcemyta_ucl_ac_uk/Eb0CA9uT5qpEqtUoWzTRWlsBBtf8QUZ1UKtkp4dwLQoR3g?e=SLhdJ6
Year1 Calendar Tool,https://liveuclac-my.sharepoint.com/:x:/g/personal/zcemyta_ucl_ac_uk/EW3X6Dl4PAxLmoQgCrJvntoBge0SQ5dVbiunT4CqtYVTdQ?e=7dsdoi
Year2 Calendar Tool,https://liveuclac-my.sharepoint.com/:x:/g/personal/zcemyta_ucl_ac_uk/ETp_pNWIpnFEkMOJYE4PPcwBtksvrJcJPARYpxOxeUDUog?e=uO6yr7
Year3 Calendar Tool,https://liveuclac-my.sharepoint.com/:x:/g/personal/zcemyta_ucl_ac_uk/EXyLW9Rdz35CgMXn_9kNPKkB3yf4hga7Of8QIWWd-p-VyQ?e=kkMRJM
Year4 Calendar Tool,https://liveuclac-my.sharepoint.com/:x:/g/personal/zcemyta_ucl_ac_uk/ERPCoSgqXydDip2Rnz_60hcBcTgqEM8h6T51AN-G6xjdAA?e=0Zdbe6
Data URL,https://liveuclac-my.sharepoint.com/:x:/g/personal/zcemyta_ucl_ac_uk/EchRSDhblL5MtFUDLBiFIVcBlnk-wyaHjWwecrb8CYoPKg?e=oo5taZ
Modules URL,https://liveuclac-my.sharepoint.com/:x:/g/personal/zcemyta_ucl_ac_uk/Eb0CA9uT5qpEqtUoWzTRWlsBBtf8QUZ1UKtkp4dwLQoR3g?e=JsDFgt
Data2,https://liveuclac-my.sharepoint.com/:x:/g/personal/ucnvlra_ucl_ac_uk/EXFf1tMza8hMsv728yO1PVcBzq67Cn7pV6sjcpq4QmuRCQ?e=Z2j24u
Mods3,https://liveuclac-my.sharepoint.com/:x:/g/personal/ucnvlra_ucl_ac_uk/Ec5qs4eLKvxPooetCmq8tlABSDXNkWRKZbpTDYqccn515A?e=ND3Gps 
